grade,bar_dia_mm,n_heats,ys_target_lo,ys_target_hi,pressure_bar_p10,pressure_bar_set,pressure_bar_p90,flow_m3h_p10,flow_m3h_set,flow_m3h_p90,speed_mps_p10,speed_mps_set,speed_mps_p90,current_speed_mps
Fe500,8,12,515,565,5.29,5.29,7.83,151.5,151.5,151.5,22.0,22.0,22.0,21.71
Fe500,10,23,515,565,5.44,8.75,9.62,148.86,148.86,168.72,20.42,20.42,20.42,19.28
Fe500,12,65,515,565,5.17,8.66,10.41,157.59,157.59,195.16,18.66,18.66,18.66,17.7
Fe500,16,74,515,565,7.31,9.7,10.59,160.46,198.32,255.11,16.03,16.03,16.03,15.11
Fe500,20,37,515,565,8.85,10.65,10.65,178.0,246.12,286.2,13.87,14.36,14.36,13.24
Fe500,25,13,515,565,9.81,10.68,10.68,209.02,287.24,287.24,10.77,11.44,12.79,11.75
Fe500,28,6,515,565,9.08,9.87,10.67,214.0,252.61,291.21,11.02,12.02,12.02,11.23
Fe500D,8,15,515,565,5.29,5.29,5.29,151.5,151.5,151.5,22.0,22.0,22.0,21.91
Fe500D,10,43,515,565,5.27,5.27,7.01,148.86,148.86,148.86,20.42,20.42,20.42,19.45
Fe500D,12,90,515,565,5.17,5.17,8.75,157.59,157.59,157.59,18.66,18.66,18.66,17.57
Fe500D,16,109,515,565,5.28,5.28,10.59,160.46,160.46,198.32,16.03,16.03,16.03,15.03
Fe500D,20,63,515,565,5.26,5.26,10.65,165.98,165.98,246.12,14.36,14.36,14.36,13.29
Fe500D,25,41,515,565,5.46,5.46,10.68,180.57,180.57,269.46,12.79,12.79,12.79,11.74
Fe500D,28,22,515,565,5.91,9.87,10.67,185.05,204.35,281.56,12.02,12.02,12.02,11.04
Fe500D,32,16,515,565,5.92,6.34,10.98,183.19,222.91,302.35,10.36,11.13,11.13,10.3
Fe550D,8,16,565,615,5.29,5.29,5.29,151.5,151.5,151.5,22.0,22.0,22.0,21.73
Fe550D,10,19,565,615,5.27,5.27,5.97,148.86,148.86,152.83,20.36,20.42,20.42,19.67
Fe550D,12,43,565,615,5.17,5.17,9.53,157.59,157.59,176.37,18.66,18.66,18.66,17.56
Fe550D,16,51,565,615,5.28,5.28,10.59,160.46,160.46,198.32,16.03,16.03,16.03,15.16
Fe550D,20,39,565,615,5.26,5.26,10.65,165.98,165.98,286.2,14.08,14.36,14.36,13.16
Fe550D,25,27,565,615,5.46,8.94,10.68,180.57,180.57,287.24,12.32,12.79,12.79,11.74
Fe550D,28,11,565,615,5.91,5.91,6.7,185.05,185.05,262.26,12.02,12.02,12.02,11.08
Fe600,10,9,615,665,5.27,6.14,9.79,148.86,148.86,220.38,20.42,20.42,20.42,19.41
Fe600,12,10,615,665,5.17,9.53,9.62,157.59,176.37,234.62,18.66,18.66,18.66,17.66
Fe600,16,17,615,665,5.28,8.82,10.59,160.46,160.46,217.25,16.03,16.03,16.03,15.0
