rank,parameter,mae_increase_mpa,std,group,dys_per_std_mpa,dys_per_unit_mpa
1,bar_dia_mm,8.47754702477264,0.30833772816343796,Mill,-9.722076126046051,-1.5606476939141931
2,finishing_temp_c,5.034954687107268,0.2113474923240455,Mill,-8.2741257374645,-0.4569345737435405
3,wb_flow_m3h,2.604477331384538,0.13968213647006433,Water box,4.814042648224989,0.13327080022114035
4,wb_pressure_bar,1.1532260568196542,0.1430339207196372,Water box,2.691838578729088,1.683921269469525
5,rhf_residence_min,0.6138405511992616,0.07303115549831872,RHF,-1.988985459820974,-0.12210928593316292
6,mill_speed_mps,0.4571257058572154,0.0504281303200166,Mill,1.398201377346708,0.45628468611636186
7,discharge_temp_c,0.44192587604226863,0.06855494378869574,RHF,-1.9183079279891488,-0.09259132106856538
8,soaking_temp_c,0.2512318344461576,0.04118131436805741,RHF,-1.7790212166540462,-0.08861782701764853
9,wb_water_temp_c,0.23669650421133367,0.060937772566839216,Water box,-1.59024957200717,-0.3486274904570631
10,wb_valve_open_pct,0.022466269328505758,0.018388905370728147,Water box,0.2223662890830482,0.027141635668867386
11,ambient_temp_c,0.0008358703059906603,0.011587790629165061,Mill,0.17773107593381118,0.026304688227099606
12,heating_zone_temp_c,-0.0012292679335515662,0.007715872959100988,RHF,-0.11579182922232745,-0.005855988241027028
13,soaking_zone_temp_c,-0.0015053550860929003,0.015209440976687727,RHF,-0.21642790772145812,-0.01203335556279068
14,billet_size_mm,-0.004163815677749364,0.0043491118049726815,RHF,0.037359663778613814,0.003349487404833683
15,preheat_zone_temp_c,-0.02822675337662878,0.008707732868004761,RHF,0.09847076116764822,0.003978588868444629
