parameter,mae_increase_mpa,std,group
nb_pct,16.501577777138284,0.5927446067440414,Chemistry
bar_dia_mm,8.47754702477264,0.30833772816343796,Mill
v_pct,5.728025653170518,0.2433726017551652,Chemistry
finishing_temp_c,5.034954687107268,0.2113474923240455,Mill
wb_flow_m3h,2.604477331384538,0.13968213647006433,Water box
ceq,1.6310348298787645,0.08381482949956319,Chemistry
grade,1.6205778877926018,0.07128234509395551,Grade
wb_pressure_bar,1.1532260568196542,0.1430339207196372,Water box
rhf_residence_min,0.6138405511992616,0.07303115549831872,RHF
mill_speed_mps,0.4571257058572154,0.0504281303200166,Mill
discharge_temp_c,0.44192587604226863,0.06855494378869574,RHF
c_pct,0.29434906543588973,0.04741593537650324,Chemistry
soaking_temp_c,0.2512318344461576,0.04118131436805741,RHF
wb_water_temp_c,0.23669650421133367,0.060937772566839216,Water box
si_pct,0.07420650344653446,0.028712563762288177,Chemistry
wb_valve_open_pct,0.022466269328505758,0.018388905370728147,Water box
mn_pct,0.015930703238628278,0.020328846442145374,Chemistry
s_pct,0.007147424700433961,0.008625776446068862,Chemistry
p_pct,0.002207796688954744,0.01116933343870958,Chemistry
ambient_temp_c,0.0008358703059906603,0.011587790629165061,Mill
heating_zone_temp_c,-0.0012292679335515662,0.007715872959100988,RHF
soaking_zone_temp_c,-0.0015053550860929003,0.015209440976687727,RHF
billet_size_mm,-0.004163815677749364,0.0043491118049726815,RHF
preheat_zone_temp_c,-0.02822675337662878,0.008707732868004761,RHF
